shop,shop_id,item_id,product_name,current_price,original_price,discount_percent,rating,rating_count,sold_count,monthly_sold,liked_count,brand,product_url,product_name_clean,sold_count_num,monthly_sold_num,shop_clean,product_type,product_name_norm,storage_options,canonical_product_name,canonical_product_id,absa_weighted_sum,absa_weight_sum,total_aspect_mentions,avg_positive_rate,avg_negative_rate,avg_neutral_rate,absa_score_raw,absa_score,BATTERY_positive_rate,CAMERA_positive_rate,DESIGN_positive_rate,FEATURES_positive_rate,GENERAL_positive_rate,PERFORMANCE_positive_rate,PRICE_positive_rate,SCREEN_positive_rate,SERANDACC_positive_rate,STORAGE_positive_rate,BATTERY_negative_rate,CAMERA_negative_rate,DESIGN_negative_rate,FEATURES_negative_rate,GENERAL_negative_rate,PERFORMANCE_negative_rate,PRICE_negative_rate,SCREEN_negative_rate,SERANDACC_negative_rate,STORAGE_negative_rate,BATTERY_neutral_rate,CAMERA_neutral_rate,DESIGN_neutral_rate,FEATURES_neutral_rate,GENERAL_neutral_rate,PERFORMANCE_neutral_rate,PRICE_neutral_rate,SCREEN_neutral_rate,SERANDACC_neutral_rate,STORAGE_neutral_rate,BATTERY_total_mentions,CAMERA_total_mentions,DESIGN_total_mentions,FEATURES_total_mentions,GENERAL_total_mentions,PERFORMANCE_total_mentions,PRICE_total_mentions,SCREEN_total_mentions,SERANDACC_total_mentions,STORAGE_total_mentions,price_score,rating_score,sold_score,review_confidence_score,absa_score_norm,buy_score_100,recommendation_label,rank,num_shops,price_advantage_score,absa_compare_score,rating_compare_score,sold_compare_score,review_trust_score,same_product_buy_score,rank_in_same_product
apple_flagship_store,88201679,26210898087,Apple AirPods 4th gen,3590000.0,3590000.0,0,4.916817033561891,0.0,20k+ sold,973 Sold/Month,7329,Apple,https://shopee.vn/product/88201679/26210898087,apple airpods 4th gen,20000,973,apple_flagship_store,earphone_speaker,apple airpods 4th gen,,airpods 4,2,923.6,932.0,932.0,0.8906032306049413,0.0508122157244964,0.0585845536705624,0.9909871244635192,99.54935622317596,1.0,0.75,0.9298245614035088,0.9277777777777778,0.9847715736040608,0.9801980198019802,0.8095238095238095,0.6666666666666666,0.9666666666666668,0.0,0.0,0.0,0.0350877192982456,0.0222222222222222,0.0,0.0,0.0476190476190476,0.3333333333333333,0.019047619047619,0.0,0.0,0.25,0.0350877192982456,0.05,0.015228426395939,0.0198019801980198,0.1428571428571428,0.0,0.0142857142857142,0.0,15.0,4.0,114.0,180.0,197.0,101.0,105.0,6.0,210.0,0.0,1.0,0.9833634067123782,0.9001483982037645,0.9799649957797583,0.9954935622317597,97.8339509320544,Đáng mua,2,2,1.0,1.0,0.37459800308903496,1.0,1.0,90.61897004633552,1
viettel_store_aar,308461157,27415713043,Tai nghe Bluetooth AirPods 4 Chính hãng,4490000.0,4490000.0,0,4.941127694859039,0.0,6k+ sold,523 Sold/Month,2691,Apple,https://shopee.vn/product/308461157/27415713043,tai nghe bluetooth airpods 4 chính hãng,6000,523,viettel_store_aar,earphone_speaker,airpods 4,,airpods 4,2,653.5,693.0,693.0,0.8668502216260959,0.0691914111750481,0.063958367198856,0.943001443001443,97.15007215007216,0.8,0.5,0.9019607843137256,0.8536585365853658,0.9761904761904762,0.9491525423728814,0.9142857142857144,1.0,0.9064039408866996,0.0,0.1,0.25,0.0784313725490196,0.048780487804878,0.0119047619047619,0.0508474576271186,0.0285714285714285,0.0,0.0541871921182266,0.0,0.1,0.25,0.0196078431372549,0.0975609756097561,0.0119047619047619,0.0,0.0571428571428571,0.0,0.0394088669950738,0.0,10.0,4.0,51.0,123.0,168.0,59.0,70.0,5.0,203.0,0.0,0.5714285714285714,0.9882255389718078,0.7907279835543999,0.9375568307026915,0.9715007215007216,84.431734770515,Đáng mua,25,2,0.5714285714285714,0.6463179341618256,1.0,0.4770697474403557,0.7226399215110773,65.91484059442801,2
viettel_store_aar,308461157,27665729077,Tai nghe AirPods 4 Khử ồn chủ động Chính hãng,5690000.0,5690000.0,0,4.902255639097745,0.0,2k+ sold,37 Sold/Month,856,Apple,https://shopee.vn/product/308461157/27665729077,tai nghe airpods 4 khử ồn chủ động chính hãng,2000,37,viettel_store_aar,earphone_speaker,tai nghe airpods 4 khử ồn chủ động,,airpods 4,2,273.70000000000005,320.0,320.0,0.7124167618723575,0.1229140243898575,0.1646692137377849,0.8553125000000001,92.765625,0.5,0.0,0.8378378378378378,0.864406779661017,0.948051948051948,0.9333333333333332,0.7241379310344828,0.0,0.891566265060241,0.0,0.5,0.0,0.1081081081081081,0.0508474576271186,0.0129870129870129,0.0666666666666666,0.1724137931034483,0.0,0.072289156626506,0.0,0.0,1.0,0.054054054054054,0.0847457627118644,0.0389610389610389,0.0,0.1034482758620689,0.0,0.036144578313253,0.0,4.0,1.0,37.0,59.0,77.0,30.0,29.0,0.0,83.0,0.0,0.0,0.9804511278195489,0.6909036392444722,0.8270656841408609,0.92765625,66.07292148646667,Đáng cân nhắc,100,2,0.0,0.0,0.0,0.0,0.0,0.0,3
apple_flagship_store,88201679,25171387783,Sạc Apple 20W USB-C Power Adapter,429000.0,790000.0,46,4.944547530687982,0.0,60k+ sold,2k+ Sold/Month,6271,Apple,https://shopee.vn/product/88201679/25171387783,sạc apple 20w usb-c power adapter,60000,2000,apple_flagship_store,charger_cable_accessory,sạc apple 20w usb c power adapter,,apple 20w usb c power adapter,5,835.3,813.0,813.0,0.9038749771234876,0.0743288809586297,0.0217961419178826,1.0274292742927429,100.0,0.8758620689655172,1.0,0.8863636363636364,0.5,0.99163179916318,1.0,0.8962264150943396,1.0,0.9847908745247148,0.0,0.0344827586206896,0.0,0.1136363636363636,0.5,0.0,0.0,0.0094339622641509,0.0,0.0114068441064638,0.0,0.0896551724137931,0.0,0.0,0.0,0.00836820083682,0.0,0.0943396226415094,0.0,0.0038022813688212,0.0,145.0,1.0,44.0,2.0,239.0,11.0,106.0,2.0,263.0,0.0,1.0,0.9889095061375963,1.0,0.9604120213543338,1.0,99.38231033629528,Đáng mua,1,2,1.0,1.0,0.6770791235523115,1.0,1.0,95.15618685328468,1
viettel_store_aar,308461157,4953760805,Phụ kiện Apple 20W USB-C Power Adapter chính hãng ZA/A,549000.0,650000.0,16,4.960810810810811,0.0,6k+ sold,222 Sold/Month,1949,Apple,https://shopee.vn/product/308461157/4953760805,phụ kiện apple 20w usb-c power adapter chính hãng za/a,6000,222,viettel_store_aar,charger_cable_accessory,apple 20w usb c power adapter za a,,apple 20w usb c power adapter,5,513.7,506.0,506.0,0.9423377813826712,0.0393229296180244,0.0183392889993041,1.0152173913043478,100.0,0.9508196721311476,0.0,0.935483870967742,1.0,0.981012658227848,0.8571428571428571,0.8297872340425532,1.0,0.9844559585492229,0.0,0.0163934426229508,0.0,0.032258064516129,0.0,0.0063291139240506,0.1428571428571428,0.1063829787234042,0.0,0.0103626943005181,0.0,0.0327868852459016,0.0,0.032258064516129,0.0,0.0126582278481012,0.0,0.0638297872340425,0.0,0.005181347150259,0.0,61.0,0.0,31.0,1.0,158.0,14.0,47.0,1.0,193.0,0.0,0.820627802690583,0.9921621621621621,0.7907279835543999,0.8925652370807309,1.0,91.14551043463113,Đáng mua,13,2,0.820627802690583,1.0,1.0,0.5437360788699604,0.9293565857516775,87.06844112128367,2
viettel_store_aar,308461157,23979354842,COMBO Củ sạc Apple 20W USB-C Power Adapter + Cáp sạc Apple USB-C TO LIGHTNING CABLE (1 M) Chính hãng,1098000.0,1300000.0,16,4.952127659574468,0.0,926 sold,35 Sold/Month,286,Apple,https://shopee.vn/product/308461157/23979354842,combo củ sạc apple 20w usb-c power adapter + cáp sạc apple usb-c to lightning cable 1 m chính hãng,926,35,viettel_store_aar,charger_cable_accessory,apple 20w usb c power adapter + apple usb c to lightning cable 1 m,,apple 20w usb c power adapter,5,72.6,86.0,86.0,0.7993471582181261,0.1530337941628264,0.0476190476190476,0.8441860465116279,92.2093023255814,0.75,0.0,1.0,0.0,0.9285714285714286,0.5,0.7142857142857143,0.0,0.9032258064516128,0.0,0.0,0.0,0.0,0.0,0.0357142857142857,0.5,0.2857142857142857,0.0,0.0967741935483871,0.0,0.25,0.0,0.0,0.0,0.0357142857142857,0.0,0.0,0.0,0.0,0.0,16.0,0.0,2.0,0.0,28.0,2.0,7.0,0.0,31.0,0.0,0.0,0.9904255319148936,0.6209672076063297,0.6399786941709517,0.922093023255814,63.185596391776755,Trung bình,121,2,0.0,0.8441860465116281,0.8275888513024081,0.1736162768835393,0.6663584794247783,47.00724311238583,3
viettel_store_aar,308461157,26884380242,COMBO Củ sạc Apple 20W USB-C Power Adapter + Cáp sạc Apple USB-C to USB-C 60W (1m) Chính hãng,1098000.0,1100000.0,0,4.91044776119403,0.0,385 sold,41 Sold/Month,96,Apple,https://shopee.vn/product/308461157/26884380242,combo củ sạc apple 20w usb-c power adapter + cáp sạc apple usb-c to usb-c 60w 1m chính hãng,385,41,viettel_store_aar,charger_cable_accessory,apple 20w usb c power adapter + apple usb c to usb c 60w 1m,,apple 20w usb c power adapter,5,,,0.0,0.0,0.0,,,50.0,0.0,0.0,0.0,0.0,0.0,0.0,0.0,0.0,0.0,0.0,0.0,0.0,0.0,0.0,0.0,0.0,0.0,0.0,0.0,0.0,0.0,0.0,0.0,0.0,0.0,0.0,0.0,0.0,0.0,0.0,0.0,0.0,0.0,0.0,0.0,0.0,0.0,0.0,0.0,0.0,0.0,0.982089552238806,0.5413356025887578,0.0,0.5,42.761825083607484,Cần cân nhắc,264,2,0.0,0.0,0.0,0.0,0.0,0.0,4
viettel_store_aar,308461157,17455633222,Phụ kiện Apple USB-C TO LIGHTNING CABLE (1 M) Chính hãng (dùng cho iPhone 14 series trở xuống),549000.0,639000.0,14,4.965122332118688,0.0,10k+ sold,463 Sold/Month,2122,Apple,https://shopee.vn/product/308461157/17455633222,phụ kiện apple usb-c to lightning cable 1 m chính hãng dùng cho iphone 14 series trở xuống,10000,463,viettel_store_aar,charger_cable_accessory,apple usb c to lightning cable 1 m dùng cho iphone 14 series trở xuống,,apple usb c to lightning cable,10,600.1,632.0,632.0,0.892125461716105,0.0655829658753635,0.0422915724085314,0.9495253164556964,97.4762658227848,0.8289473684210527,1.0,0.8636363636363636,0.7142857142857143,0.9833333333333332,0.8333333333333334,0.8703703703703703,1.0,0.9352226720647774,0.0,0.0921052631578947,0.0,0.1136363636363636,0.1428571428571428,0.0055555555555555,0.1111111111111111,0.0925925925925925,0.0,0.0323886639676113,0.0,0.0789473684210526,0.0,0.0227272727272727,0.1428571428571428,0.0111111111111111,0.0555555555555555,0.037037037037037,0.0,0.0323886639676113,0.0,76.0,2.0,44.0,7.0,180.0,18.0,54.0,4.0,247.0,0.0,0.0,0.9930244664237377,0.8371516844512277,0.9243727205914489,0.9747626582278479,70.9043715479931,Đáng cân nhắc,64,2,0.0,1.0,0.0,1.0,1.0,54.99999999999999,1
shopdunk_official_store,288286284,21487622742,"Cáp sạc nhanh Belkin 30W USB Type C - Lightning, 1M",389000.0,425000.0,8,4.982758620689655,0.0,340 sold,32 Sold/Month,47,Belkin,https://shopee.vn/product/288286284/21487622742,"cáp sạc nhanh belkin 30w usb type c - lightning, 1m",340,32,shopdunk_official_store,charger_cable_accessory,cáp belkin 30w usb type c lightning 1m,,apple usb c to lightning cable,10,,,0.0,0.0,0.0,,,50.0,0.0,0.0,0.0,0.0,0.0,0.0,0.0,0.0,0.0,0.0,0.0,0.0,0.0,0.0,0.0,0.0,0.0,0.0,0.0,0.0,0.0,0.0,0.0,0.0,0.0,0.0,0.0,0.0,0.0,0.0,0.0,0.0,0.0,0.0,0.0,0.0,0.0,0.0,0.0,0.0,1.0,0.9965517241379309,0.5300691438038321,0.0,0.5,67.8820716398161,Đáng cân nhắc,88,2,1.0,0.0,1.0,0.0,0.0,44.99999999999999,2
apple_flagship_store,88201679,28032850215,Apple iPad A16 11 inch 2025 Wifi 128GB,9800000.0,10990000.0,11,4.9454667112746735,0.0,10k+ sold,1k+ Sold/Month,9796,Apple,https://shopee.vn/product/88201679/28032850215,apple ipad a16 11 inch 2025 wifi 128gb,10000,1000,apple_flagship_store,tablet,apple ipad a16 11 inch 2025 wifi 128gb,128gb,ipad a16 128gb,72,955.9,978.0,978.0,0.8738006163321085,0.0402499236437555,0.085949460024136,0.9774028629856852,98.87014314928426,0.7692307692307693,0.5,0.940677966101695,0.9591836734693876,0.9850746268656716,0.974025974025974,0.7196969696969697,0.9365079365079364,0.9536082474226804,1.0,0.1538461538461538,0.0,0.0423728813559322,0.010204081632653,0.0049751243781094,0.0064935064935064,0.106060606060606,0.0476190476190476,0.0309278350515463,0.0,0.0769230769230769,0.5,0.0169491525423728,0.0306122448979591,0.0099502487562189,0.0194805194805194,0.1742424242424242,0.0158730158730158,0.0154639175257731,0.0,13.0,2.0,118.0,98.0,201.0,154.0,132.0,63.0,194.0,3.0,1.0,0.9890933422549347,0.8371516844512277,0.9868616663975063,0.9887014314928426,96.86880172062745,Đáng mua,3,2,1.0,1.0,0.0,1.0,1.0,85.0,1
viettel_store_aar,308461157,26479439804,iPad A16 11 inch WIFI 128GB Chính hãng,9890000.0,11490000.0,14,4.946031746031746,0.0,10k+ sold,1k+ Sold/Month,6294,Apple,https://shopee.vn/product/308461157/26479439804,ipad a16 11 inch wifi 128gb chính hãng,10000,1000,viettel_store_aar,tablet,ipad a16 11 inch wifi 128gb,128gb,ipad a16 128gb,72,,,0.0,0.0,0.0,,,50.0,0.0,0.0,0.0,0.0,0.0,0.0,0.0,0.0,0.0,0.0,0.0,0.0,0.0,0.0,0.0,0.0,0.0,0.0,0.0,0.0,0.0,0.0,0.0,0.0,0.0,0.0,0.0,0.0,0.0,0.0,0.0,0.0,0.0,0.0,0.0,0.0,0.0,0.0,0.0,0.0,0.9815950920245399,0.9892063492063492,0.8371516844512277,0.0,0.5,71.8812795515089,Đáng cân nhắc,59,2,0.9815950920245399,0.0,0.02426782417803734,1.0,0.0,44.81187012340675,2
apple_flagship_store,88201679,29832838640,Apple iPad A16 11 inch 2025 Wifi + Cellular 128GB,14690000.0,14990000.0,2,4.96875,0.0,299 sold,1 Sold/Month,489,Apple,https://shopee.vn/product/88201679/29832838640,apple ipad a16 11 inch 2025 wifi + cellular 128gb,299,1,apple_flagship_store,tablet,apple ipad a16 11 inch 2025 wifi + cellular 128gb,128gb,ipad a16 128gb,72,43.7,57.0,57.0,0.7797178130511464,0.1679012345679012,0.0523809523809523,0.7666666666666667,88.33333333333333,1.0,0.0,0.8888888888888888,1.0,0.9285714285714286,0.8,0.6666666666666666,1.0,0.7333333333333333,0.0,0.0,1.0,0.1111111111111111,0.0,0.0,0.2,0.0,0.0,0.2,0.0,0.0,0.0,0.0,0.0,0.0714285714285714,0.0,0.3333333333333333,0.0,0.0666666666666666,0.0,2.0,1.0,9.0,4.0,14.0,5.0,6.0,1.0,15.0,0.0,0.0,0.99375,0.518425929288035,0.5818742675852292,0.8833333333333333,59.97013161517282,Trung bình,129,2,0.0,0.7843916727691179,1.0,0.0,0.5896209037172706,44.42795922024624,3
apple_flagship_store,88201679,47107796456,"Máy tính bảng iPad Air, M4 chip, 11 inch, 128GB",16689000.0,16689000.0,0,4.964285714285714,0.0,207 sold,200 Sold/Month,398,Apple,https://shopee.vn/product/88201679/47107796456,"máy tính bảng ipad air, m4 chip, 11 inch, 128gb",207,200,apple_flagship_store,tablet,ipad air m4 chip 11 inch 128gb,128gb,ipad air 128gb,74,21.9,22.0,22.0,0.8333333333333334,0.0,0.1666666666666666,0.9954545454545454,99.77272727272728,0.0,0.0,0.5,1.0,1.0,1.0,0.5,0.0,1.0,0.0,0.0,0.0,0.0,0.0,0.0,0.0,0.0,0.0,0.0,0.0,0.0,0.0,0.5,0.0,0.0,0.0,0.5,0.0,0.0,0.0,0.0,0.0,2.0,4.0,5.0,4.0,2.0,0.0,5.0,0.0,1.0,0.9928571428571429,0.48513738933324574,0.4493261931451111,0.9977272727272728,86.55928381041083,Đáng mua,20,2,1.0,0.9954545454545456,0.0,1.0,1.0,84.86363636363636,1
viettel_store_aar,308461157,55007101399,iPad Air M4 11 inch WIFI 5G 128GB Chính hãng ZA/A,20990000.0,24890000.0,16,5.0,0.0,27 sold,26 Sold/Month,39,Apple,https://shopee.vn/product/308461157/55007101399,ipad air m4 11 inch wifi 5g 128gb chính hãng za/a,27,26,viettel_store_aar,tablet,ipad air m4 11 inch wifi 5g 128gb za a,128gb,ipad air 128gb,74,6.7,6.0,6.0,1.0,0.0,0.0,1.1166666666666667,100.0,0.0,1.0,0.0,1.0,1.0,1.0,1.0,0.0,1.0,0.0,0.0,0.0,0.0,0.0,0.0,0.0,0.0,0.0,0.0,0.0,0.0,0.0,0.0,0.0,0.0,0.0,0.0,0.0,0.0,0.0,0.0,1.0,0.0,1.0,1.0,1.0,1.0,0.0,1.0,0.0,0.0,1.0,0.30286940770290993,0.27885505099500285,1.0,57.33159162549367,Trung bình,144,2,0.0,1.0,1.0,0.0,0.6206071563358557,51.206071563358556,2
viettel_store_aar,308461157,56907100714,iPad Air M4 11 inch WIFI 128GB Chính hãng ZA/A,20690000.0,20690000.0,0,5.0,0.0,72 sold,57 Sold/Month,107,Apple,https://shopee.vn/product/308461157/56907100714,ipad air m4 11 inch wifi 128gb chính hãng za/a,72,57,viettel_store_aar,tablet,ipad air m4 11 inch wifi 128gb za a,128gb,ipad air 128gb,74,,,0.0,0.0,0.0,,,50.0,0.0,0.0,0.0,0.0,0.0,0.0,0.0,0.0,0.0,0.0,0.0,0.0,0.0,0.0,0.0,0.0,0.0,0.0,0.0,0.0,0.0,0.0,0.0,0.0,0.0,0.0,0.0,0.0,0.0,0.0,0.0,0.0,0.0,0.0,0.0,0.0,0.0,0.0,0.0,0.0,0.0697512206463613,1.0,0.389966733958249,0.0,0.5,42.59328152553277,Cần cân nhắc,266,2,0.0697512206463613,0.0,1.0,0.4778531340297839,0.0,24.260333629837596,3
apple_flagship_store,88201679,26768295651,Apple iPad mini 7 8.3-inch Wi-Fi 128GB,13690000.0,13990000.0,2,4.921739130434783,0.0,2k+ sold,289 Sold/Month,1505,Apple,https://shopee.vn/product/88201679/26768295651,apple ipad mini 7 8.3-inch wi-fi 128gb,2000,289,apple_flagship_store,tablet,apple ipad mini 7 8.3 inch wi fi 128gb,128gb,ipad mini 128gb,76,310.0,352.0,352.0,0.7841991697674178,0.121991210117902,0.0938096201146801,0.8806818181818182,94.03409090909092,0.8,0.0,0.9428571428571428,0.9411764705882352,0.9701492537313432,0.9090909090909092,0.8536585365853658,0.7741935483870968,0.8666666666666667,0.0,0.0,0.5,0.0142857142857142,0.0588235294117647,0.0149253731343283,0.0909090909090909,0.073170731707317,0.2258064516129032,0.12,0.0,0.2,0.5,0.0428571428571428,0.0,0.0149253731343283,0.0,0.073170731707317,0.0,0.0133333333333333,0.0,5.0,2.0,70.0,17.0,67.0,44.0,41.0,31.0,75.0,0.0,1.0,0.9843478260869565,0.6909036392444722,0.8406833429441088,0.9403409090909092,91.66757181257456,Đáng mua,10,2,1.0,1.0,0.0,1.0,1.0,85.0,1
viettel_store_aar,308461157,27268388300,iPad Mini 7 WIFI 128GB Chính hãng,14290000.0,14290000.0,0,4.972602739726027,0.0,1k+ sold,74 Sold/Month,975,Apple,https://shopee.vn/product/308461157/27268388300,ipad mini 7 wifi 128gb chính hãng,1000,74,viettel_store_aar,tablet,ipad mini 7 wifi 128gb,128gb,ipad mini 128gb,76,,,0.0,0.0,0.0,,,50.0,0.0,0.0,0.0,0.0,0.0,0.0,0.0,0.0,0.0,0.0,0.0,0.0,0.0,0.0,0.0,0.0,0.0,0.0,0.0,0.0,0.0,0.0,0.0,0.0,0.0,0.0,0.0,0.0,0.0,0.0,0.0,0.0,0.0,0.0,0.0,0.0,0.0,0.0,0.0,0.0,0.0,0.9945205479452055,0.6279477929960038,0.0,0.5,44.30962785384417,Cần cân nhắc,258,2,0.0,0.0,1.0,0.0,0.0,15.0,2
apple_flagship_store,88201679,18093055535,Điện thoại Apple iPhone 15 128GB,18490000.0,22999000.0,20,4.935712914987526,0.0,20k+ sold,274 Sold/Month,24108,Apple,https://shopee.vn/product/88201679/18093055535,điện thoại apple iphone 15 128gb,20000,274,apple_flagship_store,phone,apple iphone 15 128gb,128gb,iphone 15 128gb,82,1062.6,1057.0,1057.0,0.9480072113389956,0.0279238886730153,0.0240688999879891,1.005298013245033,100.0,0.8823529411764706,1.0,0.9661016949152542,0.9738562091503268,0.9872881355932204,0.9871794871794872,0.7739130434782608,1.0,0.96137339055794,0.0,0.0588235294117647,0.0,0.0169491525423728,0.0065359477124183,0.0,0.0128205128205128,0.1304347826086956,0.0,0.0257510729613733,0.0,0.0588235294117647,0.0,0.0169491525423728,0.0196078431372549,0.0127118644067796,0.0,0.0956521739130434,0.0,0.0128755364806866,0.0,17.0,15.0,118.0,153.0,236.0,156.0,115.0,14.0,233.0,0.0,0.5,0.9871425829975052,0.9001483982037645,0.9979825596160162,1.0,85.72490322916674,Đáng mua,22,2,0.5,1.0,1.0,1.0,1.0,85.0,1
viettel_store_aar,308461157,21684104015,Apple iPhone 15 128GB Chính hãng VN/A,18490000.0,24190000.0,24,4.932823129251701,0.0,10k+ sold,557 Sold/Month,9252,Apple,https://shopee.vn/product/308461157/21684104015,apple iphone 15 128gb chính hãng vn/a,10000,557,viettel_store_aar,phone,apple iphone 15 128gb vn a,128gb,iphone 15 128gb,82,535.5,542.0,542.0,0.9054286776204392,0.0465890296302029,0.0479822927493576,0.9880073800738008,99.40036900369005,0.6666666666666666,0.8888888888888888,0.9027777777777778,1.0,1.0,0.9863013698630136,0.7288135593220338,1.0,0.9754098360655736,0.0,0.1111111111111111,0.1111111111111111,0.0138888888888888,0.0,0.0,0.0136986301369863,0.1694915254237288,0.0,0.0,0.0,0.2222222222222222,0.0,0.0833333333333333,0.0,0.0,0.0,0.1016949152542373,0.0,0.0245901639344262,0.0,9.0,9.0,72.0,68.0,122.0,73.0,59.0,8.0,122.0,0.0,0.5,0.9865646258503402,0.8371516844512277,0.9023955917922348,0.9940036900369005,83.6326344028046,Đáng mua,28,2,0.5,0.0,0.0,0.0,0.0,15.0,2
apple_flagship_store,88201679,22880091028,Điện thoại Apple iPhone 15 256GB,21489000.0,25999000.0,17,4.945985401459854,0.0,3k+ sold,63 Sold/Month,3963,Apple,https://shopee.vn/product/88201679/22880091028,điện thoại apple iphone 15 256gb,3000,63,apple_flagship_store,phone,apple iphone 15 256gb,256gb,iphone 15 256gb,83,436.2,481.0,481.0,0.8544278972568922,0.0831044417838116,0.0624676609592961,0.9068607068607067,95.34303534303534,0.6,0.5,0.9393939393939394,0.9574468085106383,0.963302752293578,0.9272727272727272,0.7450980392156863,1.0,0.9117647058823528,1.0,0.2,0.25,0.0303030303030303,0.0425531914893617,0.018348623853211,0.0545454545454545,0.1764705882352941,0.0,0.0588235294117647,0.0,0.2,0.25,0.0303030303030303,0.0,0.018348623853211,0.0181818181818181,0.0784313725490196,0.0,0.0294117647058823,0.0,5.0,8.0,66.0,47.0,109.0,55.0,51.0,3.0,136.0,1.0,1.0,0.9891970802919708,0.7277418703768002,0.8853188426013436,0.9534303534303534,93.15616869041546,Đáng mua,8,2,1.0,1.0,1.0,1.0,1.0,100.0,1
viettel_store_aar,308461157,22654646317,Apple iPhone 15 256GB Chính hãng VN/A,23090000.0,27290000.0,15,4.940625,0.0,1k+ sold,16 Sold/Month,1869,Apple,https://shopee.vn/product/308461157/22654646317,apple iphone 15 256gb chính hãng vn/a,1000,16,viettel_store_aar,phone,apple iphone 15 256gb vn a,256gb,iphone 15 256gb,83,344.3,396.0,396.0,0.7707442172788707,0.1656722418273573,0.0635835408937719,0.8694444444444445,93.47222222222224,0.25,0.2857142857142857,0.9318181818181818,0.9333333333333332,0.9405940594059404,0.9166666666666666,0.7142857142857143,1.0,0.9642857142857144,0.0,0.5,0.5714285714285714,0.0454545454545454,0.0666666666666666,0.0198019801980198,0.0555555555555555,0.1964285714285714,0.0,0.0357142857142857,0.0,0.25,0.1428571428571428,0.0227272727272727,0.0,0.0396039603960396,0.0277777777777777,0.0892857142857142,0.0,0.0,0.0,8.0,7.0,44.0,30.0,101.0,36.0,56.0,2.0,112.0,0.0,0.0,0.9881249999999999,0.6279477929960038,0.8575169092529576,0.9347222222222225,65.7985526541363,Đáng cân nhắc,102,2,0.0,0.0,0.0,0.0,0.0,0.0,2
apple_flagship_store,88201679,27110898667,Điện thoại Apple iPhone 16 128GB,20790000.0,22999000.0,10,4.929872142580395,0.0,10k+ sold,592 Sold/Month,6762,Apple,https://shopee.vn/product/88201679/27110898667,điện thoại apple iphone 16 128gb,10000,592,apple_flagship_store,phone,apple iphone 16 128gb,128gb,iphone 16 128gb,84,824.2,873.0,873.0,0.8784939354207953,0.0980985965255289,0.0234074680536757,0.9441008018327608,97.20504009163804,0.5833333333333334,0.9230769230769232,0.9072164948453608,0.9545454545454546,0.955665024630542,0.967479674796748,0.8061224489795918,0.75,0.9375,1.0,0.3333333333333333,0.0769230769230769,0.0515463917525773,0.0272727272727272,0.0197044334975369,0.016260162601626,0.1530612244897959,0.25,0.0528846153846153,0.0,0.0833333333333333,0.0,0.0412371134020618,0.0181818181818181,0.0246305418719211,0.016260162601626,0.0408163265306122,0.0,0.0096153846153846,0.0,12.0,13.0,97.0,110.0,203.0,123.0,98.0,8.0,208.0,1.0,1.0,0.985974428516079,0.8371516844512277,0.9706037426566658,0.9720504009163804,96.14431329114808,Đáng mua,5,2,1.0,1.0,0.0,1.0,1.0,85.0,1
viettel_store_aar,308461157,24835940211,Apple iPhone 16 128GB Chính hãng VN/A,22290000.0,23290000.0,4,4.949425287356322,0.0,1k+ sold,32 Sold/Month,3858,Apple,https://shopee.vn/product/308461157/24835940211,apple iphone 16 128gb chính hãng vn/a,1000,32,viettel_store_aar,phone,apple iphone 16 128gb vn a,128gb,iphone 16 128gb,84,244.6,276.0,276.0,0.8929285496194167,0.0505356017689983,0.0565358486115849,0.886231884057971,94.31159420289856,1.0,0.75,0.9705882352941176,0.9285714285714286,0.9565217391304348,0.9393939393939394,0.6129032258064516,1.0,0.8783783783783784,0.0,0.0,0.0,0.0294117647058823,0.0714285714285714,0.0,0.0606060606060606,0.2258064516129032,0.0,0.0675675675675675,0.0,0.0,0.25,0.0,0.0,0.0434782608695652,0.0,0.1612903225806451,0.0,0.054054054054054,0.0,2.0,4.0,34.0,28.0,69.0,33.0,31.0,1.0,74.0,0.0,0.0,0.9898850574712643,0.6279477929960038,0.8059394156744696,0.9431159420289856,65.56979046197961,Đáng cân nhắc,109,2,0.0,0.0,1.0,0.0,0.0,15.0,2
apple_flagship_store,88201679,28460903007,Điện thoại Apple iPhone 16 Plus 128GB,24990000.0,25999000.0,4,4.92094861660079,0.0,5k+ sold,145 Sold/Month,2266,Apple,https://shopee.vn/product/88201679/28460903007,điện thoại apple iphone 16 plus 128gb,5000,145,apple_flagship_store,phone,apple iphone 16 plus 128gb,128gb,iphone 16 plus 128gb,85,34.1,31.0,31.0,1.0,0.0,0.0,1.1,100.0,1.0,0.0,1.0,1.0,1.0,1.0,1.0,1.0,1.0,0.0,0.0,0.0,0.0,0.0,0.0,0.0,0.0,0.0,0.0,0.0,0.0,0.0,0.0,0.0,0.0,0.0,0.0,0.0,0.0,0.0,2.0,0.0,4.0,4.0,6.0,5.0,3.0,2.0,5.0,0.0,1.0,0.984189723320158,0.7741595142564696,0.4966508666289703,1.0,91.26269584653991,Đáng mua,12,2,1.0,1.0,0.0,1.0,1.0,85.0,1
viettel_store_aar,308461157,29161005759,Apple iPhone 16 Plus 128GB Chính hãng VN/A,26090000.0,26290000.0,1,4.968609865470852,0.0,867 sold,63 Sold/Month,709,Apple,https://shopee.vn/product/308461157/29161005759,apple iphone 16 plus 128gb chính hãng vn/a,867,63,viettel_store_aar,phone,apple iphone 16 plus 128gb vn a,128gb,iphone 16 plus 128gb,85,,,0.0,0.0,0.0,,,50.0,0.0,0.0,0.0,0.0,0.0,0.0,0.0,0.0,0.0,0.0,0.0,0.0,0.0,0.0,0.0,0.0,0.0,0.0,0.0,0.0,0.0,0.0,0.0,0.0,0.0,0.0,0.0,0.0,0.0,0.0,0.0,0.0,0.0,0.0,0.0,0.0,0.0,0.0,0.0,0.0,0.0,0.9937219730941704,0.6149900075958328,0.0,0.5,44.0992895758209,Cần cân nhắc,260,2,0.0,0.0,1.0,0.0,0.0,15.0,2
apple_flagship_store,88201679,26841370473,Điện thoại Apple iPhone 17 256GB,24999000.0,24999000.0,0,4.936865839909808,0.0,4k+ sold,892 Sold/Month,4801,Apple,https://shopee.vn/product/88201679/26841370473,điện thoại apple iphone 17 256gb,4000,892,apple_flagship_store,phone,apple iphone 17 256gb,256gb,iphone 17 256gb,87,20.8,19.0,19.0,1.0,0.0,0.0,1.0947368421052632,100.0,0.0,0.0,1.0,1.0,1.0,1.0,1.0,0.0,1.0,0.0,0.0,0.0,0.0,0.0,0.0,0.0,0.0,0.0,0.0,0.0,0.0,0.0,0.0,0.0,0.0,0.0,0.0,0.0,0.0,0.0,0.0,0.0,5.0,1.0,2.0,3.0,3.0,0.0,5.0,0.0,1.0,0.9873731679819617,0.7538821828534723,0.42929786676678056,1.0,90.34867477010913,Đáng mua,16,2,1.0,1.0,0.0,1.0,0.0,75.0,1
viettel_store_aar,308461157,29841314383,Apple iPhone 17 256GB Chính hãng ZP/A,25890000.0,50000000.0,48,4.965517241379311,0.0,3k+ sold,587 Sold/Month,2153,Apple,https://shopee.vn/product/308461157/29841314383,apple iphone 17 256gb chính hãng zp/a,3000,587,viettel_store_aar,phone,apple iphone 17 256gb zp a,256gb,iphone 17 256gb,87,184.40000000000003,199.0,199.0,0.865766375456298,0.08998297854887,0.044250645994832,0.926633165829146,96.33165829145727,0.5,1.0,1.0,0.8571428571428571,0.8888888888888888,0.8888888888888888,0.75,1.0,0.9069767441860463,0.0,0.5,0.0,0.0,0.1428571428571428,0.0,0.0555555555555555,0.0416666666666666,0.0,0.0697674418604651,0.0,0.0,0.0,0.0,0.0,0.1111111111111111,0.0555555555555555,0.2083333333333333,0.0,0.0232558139534883,0.0,4.0,4.0,45.0,7.0,27.0,18.0,24.0,27.0,43.0,0.0,0.0,0.9931034482758623,0.7277418703768002,0.7592655602077671,0.9633165829145728,67.27035011068409,Đáng cân nhắc,91,2,0.0,0.0,1.0,0.0,1.0,25.0,2
apple_flagship_store,88201679,42618391133,Điện thoại Apple iPhone 17 Pro 256GB,35390000.0,35390000.0,0,4.951985226223453,0.0,5k+ sold,940 Sold/Month,4314,Apple,https://shopee.vn/product/88201679/42618391133,điện thoại apple iphone 17 pro 256gb,5000,940,apple_flagship_store,phone,apple iphone 17 pro 256gb,256gb,iphone 17 pro 256gb,88,24.5,22.0,22.0,1.0,0.0,0.0,1.1136363636363635,100.0,1.0,1.0,1.0,1.0,1.0,1.0,1.0,1.0,1.0,0.0,0.0,0.0,0.0,0.0,0.0,0.0,0.0,0.0,0.0,0.0,0.0,0.0,0.0,0.0,0.0,0.0,0.0,0.0,0.0,0.0,1.0,1.0,2.0,1.0,4.0,3.0,3.0,1.0,6.0,0.0,1.0,0.9903970452446906,0.7741595142564696,0.4493261931451111,1.0,90.91359555019197,Đáng mua,14,2,1.0,1.0,0.0,1.0,0.0,75.0,1
viettel_store_aar,308461157,41268214972,Apple iPhone 17 Pro 256GB Chính hãng ZP/A,35890000.0,50000000.0,28,4.964497041420119,0.0,898 sold,172 Sold/Month,922,Apple,https://shopee.vn/product/308461157/41268214972,apple iphone 17 pro 256gb chính hãng zp/a,898,172,viettel_store_aar,phone,apple iphone 17 pro 256gb zp a,256gb,iphone 17 pro 256gb,88,82.30000000000001,88.0,88.0,0.8055555555555556,0.1543209876543209,0.0401234567901234,0.9352272727272728,96.76136363636364,0.0,1.0,0.95,0.6666666666666666,1.0,1.0,0.8,0.8888888888888888,0.9444444444444444,0.0,1.0,0.0,0.0,0.3333333333333333,0.0,0.0,0.0,0.0,0.0555555555555555,0.0,0.0,0.0,0.05,0.0,0.0,0.0,0.2,0.1111111111111111,0.0,0.0,1.0,4.0,20.0,3.0,22.0,6.0,5.0,9.0,18.0,0.0,0.0,0.9928994082840237,0.6181795138864277,0.6432357241095312,0.9676136363636364,64.5914472059813,Trung bình,113,2,0.0,0.0,1.0,0.0,1.0,25.0,2
apple_flagship_store,88201679,27041370670,Điện thoại Apple iPhone 17 Pro Max 256GB,37990000.0,37990000.0,0,4.962829466095967,0.0,10k+ sold,1k+ Sold/Month,8369,Apple,https://shopee.vn/product/88201679/27041370670,điện thoại apple iphone 17 pro max 256gb,10000,1000,apple_flagship_store,phone,apple iphone 17 pro max 256gb,256gb,iphone 17 pro max 256gb,91,717.0,743.0,743.0,0.8968841001769066,0.0609481909887178,0.0421677088343755,0.9650067294751008,98.25033647375506,1.0,0.5454545454545454,0.9545454545454546,0.9574468085106383,0.9897959183673468,0.9692307692307692,0.8690476190476191,0.8571428571428571,0.9292929292929292,0.0,0.0,0.1818181818181818,0.0303030303030303,0.0425531914893617,0.010204081632653,0.0307692307692307,0.0595238095238095,0.1428571428571428,0.0505050505050505,0.0,0.0,0.2727272727272727,0.0151515151515151,0.0,0.0,0.0,0.0714285714285714,0.0,0.0202020202020202,0.0,3.0,11.0,132.0,47.0,196.0,65.0,84.0,7.0,198.0,0.0,1.0,0.9925658932191934,0.8371516844512277,0.9475262980896363,0.9825033647375505,96.35895705417514,Đáng mua,4,2,1.0,1.0,0.0,0.5,1.0,77.49999999999999,1
viettel_store_aar,308461157,42568221380,Apple iPhone 17 Pro Max 256GB Chính hãng ZP/A,38890000.0,60000000.0,35,4.963325183374083,0.0,10k+ sold,1k+ Sold/Month,2684,Apple,https://shopee.vn/product/308461157/42568221380,apple iphone 17 pro max 256gb chính hãng zp/a,10000,1000,viettel_store_aar,phone,apple iphone 17 pro max 256gb zp a,256gb,iphone 17 pro max 256gb,91,637.6,692.0,692.0,0.8859461644676513,0.0710162734312916,0.043037562101057,0.9213872832369944,96.06936416184972,0.7,0.9047619047619048,0.8225806451612904,1.0,0.95,0.9887640449438202,0.8095238095238095,0.8928571428571429,0.905027932960894,0.0,0.1,0.0634920634920634,0.1290322580645161,0.0,0.0214285714285714,0.0112359550561797,0.1587301587301587,0.0714285714285714,0.0837988826815642,0.0,0.2,0.0317460317460317,0.0483870967741935,0.0,0.0285714285714285,0.0,0.0317460317460317,0.0357142857142857,0.0111731843575419,0.0,10.0,63.0,62.0,30.0,140.0,89.0,63.0,56.0,179.0,0.0,0.0,0.9926650366748166,0.8371516844512277,0.9373501931060108,0.9606936416184972,70.60488717987977,Đáng cân nhắc,69,2,0.0,0.0,1.0,0.5,0.0,22.499999999999996,2
apple_flagship_store,88201679,24246902031,Điện thoại Apple iPhone 17 Pro Max 512GB,44499000.0,44499000.0,0,4.960804020100502,0.0,4k+ sold,833 Sold/Month,2707,Apple,https://shopee.vn/product/88201679/24246902031,điện thoại apple iphone 17 pro max 512gb,4000,833,apple_flagship_store,phone,apple iphone 17 pro max 512gb,512gb,iphone 17 pro max 512gb,92,285.8,310.0,310.0,0.901153241883304,0.0614770483325673,0.0373697097841285,0.9219354838709678,96.09677419354838,1.0,0.5714285714285714,0.9491525423728814,0.9565217391304348,0.9577464788732394,1.0,0.8,0.8571428571428571,0.9195402298850576,1.0,0.0,0.1428571428571428,0.0169491525423728,0.0434782608695652,0.028169014084507,0.0,0.16,0.1428571428571428,0.0804597701149425,0.0,0.0,0.2857142857142857,0.0338983050847457,0.0,0.0140845070422535,0.0,0.04,0.0,0.0,0.0,1.0,7.0,59.0,23.0,71.0,29.0,25.0,7.0,87.0,1.0,1.0,0.9921608040201004,0.7538821828534723,0.8225303958682418,0.9609677419354838,93.20578503995102,Đáng mua,7,2,1.0,1.0,0.0,1.0,0.0,75.0,1
viettel_store_aar,308461157,42168225876,Apple iPhone 17 Pro Max 512GB Chính hãng ZP/A,45490000.0,60000000.0,24,4.967177242888402,0.0,3k+ sold,273 Sold/Month,1264,Apple,https://shopee.vn/product/308461157/42168225876,apple iphone 17 pro max 512gb chính hãng zp/a,3000,273,viettel_store_aar,phone,apple iphone 17 pro max 512gb zp a,512gb,iphone 17 pro max 512gb,92,386.0,421.0,421.0,0.8982478310798193,0.0938396073438259,0.0079125615763546,0.9168646080760094,95.84323040380048,0.75,0.8888888888888888,0.9310344827586208,1.0,0.9572649572649572,0.9361702127659576,0.8484848484848485,0.7777777777777778,0.8928571428571429,1.0,0.25,0.1111111111111111,0.0344827586206896,0.0,0.0427350427350427,0.0638297872340425,0.1515151515151515,0.2222222222222222,0.0625,0.0,0.0,0.0,0.0344827586206896,0.0,0.0,0.0,0.0,0.0,0.0446428571428571,0.0,4.0,9.0,58.0,31.0,117.0,47.0,33.0,9.0,112.0,1.0,0.0,0.9934354485776804,0.7277418703768002,0.8662682940057267,0.9584323040380047,68.20048908840303,Đáng cân nhắc,86,2,0.0,0.0,1.0,0.0,1.0,25.0,2
apple_flagship_store,88201679,40818391346,Điện thoại Apple iPhone Air 256GB,24290000.0,31999000.0,24,4.866533864541832,0.0,2k+ sold,272 Sold/Month,1220,Apple,https://shopee.vn/product/88201679/40818391346,điện thoại apple iphone air 256gb,2000,272,apple_flagship_store,phone,apple iphone air 256gb,256gb,iphone air 256gb,93,130.5,158.0,158.0,0.7913042068679323,0.1076272175536881,0.1010685755783795,0.8259493670886076,91.29746835443038,0.6,0.4444444444444444,0.9523809523809524,0.5,0.96875,0.9166666666666666,0.8823529411764706,1.0,0.8571428571428571,0.0,0.2,0.3333333333333333,0.0238095238095238,0.1666666666666666,0.03125,0.0833333333333333,0.0588235294117647,0.0,0.0714285714285714,0.0,0.2,0.2222222222222222,0.0238095238095238,0.3333333333333333,0.0,0.0,0.0588235294117647,0.0,0.0714285714285714,0.0,10.0,9.0,42.0,6.0,32.0,12.0,17.0,2.0,28.0,0.0,1.0,0.9733067729083664,0.6909036392444722,0.72638993145964,0.9129746835443038,89.48282986775993,Đáng mua,18,2,1.0,1.0,0.0,1.0,1.0,85.0,1
viettel_store_aar,308461157,24396892807,Apple iPhone Air 256GB Chính hãng ZP/A,24590000.0,48000000.0,49,4.931914893617021,0.0,970 sold,327 Sold/Month,497,Apple,https://shopee.vn/product/308461157/24396892807,apple iphone air 256gb chính hãng zp/a,970,327,viettel_store_aar,phone,apple iphone air 256gb zp a,256gb,iphone air 256gb,93,,,0.0,0.0,0.0,,,50.0,0.0,0.0,0.0,0.0,0.0,0.0,0.0,0.0,0.0,0.0,0.0,0.0,0.0,0.0,0.0,0.0,0.0,0.0,0.0,0.0,0.0,0.0,0.0,0.0,0.0,0.0,0.0,0.0,0.0,0.0,0.0,0.0,0.0,0.0,0.0,0.0,0.0,0.0,0.0,0.0,0.0,0.9863829787234042,0.6251821150464464,0.0,0.5,44.10539130016478,Cần cân nhắc,259,2,0.0,0.0,1.0,0.0,0.0,15.0,2
didongviet.official,23793258,40624268959,"Điện thoại Samsung Galaxy A17 LTE 8GB | 128GB - Màn hình 6,7"" 90Hz, 5000mAh - Hàng Chính Hãng",4775000.0,5990000.0,20,5.0,0.0,162 sold,5 Sold/Month,70,SAMSUNG,https://shopee.vn/product/23793258/40624268959,"điện thoại samsung galaxy a17 lte 8gb 128gb - màn hình 6,7 90hz, 5000mah - hàng chính hãng",162,5,didongviet.official,phone,samsung galaxy a17 lte 8gb 128gb màn hình 6 7 inch 90hz 5000mah,128gb,samsung galaxy a17 lte 128gb,178,,,0.0,0.0,0.0,,,50.0,0.0,0.0,0.0,0.0,0.0,0.0,0.0,0.0,0.0,0.0,0.0,0.0,0.0,0.0,0.0,0.0,0.0,0.0,0.0,0.0,0.0,0.0,0.0,0.0,0.0,0.0,0.0,0.0,0.0,0.0,0.0,0.0,0.0,0.0,0.0,0.0,0.0,0.0,0.0,0.0,1.0,1.0,0.4629791183566362,0.0,0.5,66.94468677534955,Đáng cân nhắc,95,2,1.0,0.5,1.0,0.0,0.5,65.0,1
samsung_official_store,65589552,40064334758,Điện Thoại Samsung Galaxy A17 LTE 8GB/128GB,5930000.0,5930000.0,0,4.830645161290323,0.0,1k+ sold,312 Sold/Month,315,SAMSUNG,https://shopee.vn/product/65589552/40064334758,điện thoại samsung galaxy a17 lte 8gb/128gb,1000,312,samsung_official_store,phone,samsung galaxy a17 lte 8gb 128gb,128gb,samsung galaxy a17 lte 128gb,178,,,0.0,0.0,0.0,,,50.0,0.0,0.0,0.0,0.0,0.0,0.0,0.0,0.0,0.0,0.0,0.0,0.0,0.0,0.0,0.0,0.0,0.0,0.0,0.0,0.0,0.0,0.0,0.0,0.0,0.0,0.0,0.0,0.0,0.0,0.0,0.0,0.0,0.0,0.0,0.0,0.0,0.0,0.0,0.0,0.0,0.0,0.9661290322580646,0.6279477929960038,0.0,0.5,43.74179754010135,Cần cân nhắc,262,2,0.0,0.5,0.0,1.0,0.5,35.0,2
didongviet.official,23793258,46853551589,"Điện thoại Samsung Galaxy A26 5G 8GB | 128GB - Màn hình 6,7"" 120Hz, Exynos 1380 - Hàng Chính Hãng",6275000.0,7870000.0,20,5.0,0.0,21 sold,2 Sold/Month,50,SAMSUNG,https://shopee.vn/product/23793258/46853551589,"điện thoại samsung galaxy a26 5g 8gb 128gb - màn hình 6,7 120hz, exynos 1380 - hàng chính hãng",21,2,didongviet.official,phone,samsung galaxy a26 5g 8gb 128gb màn hình 6 7 inch 120hz exynos 1380,128gb,samsung galaxy a26 5g 128gb,179,,,0.0,0.0,0.0,,,50.0,0.0,0.0,0.0,0.0,0.0,0.0,0.0,0.0,0.0,0.0,0.0,0.0,0.0,0.0,0.0,0.0,0.0,0.0,0.0,0.0,0.0,0.0,0.0,0.0,0.0,0.0,0.0,0.0,0.0,0.0,0.0,0.0,0.0,0.0,0.0,0.0,0.0,0.0,0.0,0.0,1.0,1.0,0.28094980190275276,0.0,0.5,64.21424702854131,Trung bình,115,2,1.0,0.5,1.0,0.0,0.5,65.0,1
samsung_official_store,65589552,28580282114,Điện Thoại Samsung Galaxy A26 5G 8GB/128GB,6790000.0,6990000.0,3,4.898238747553816,0.0,2k+ sold,57 Sold/Month,701,SAMSUNG,https://shopee.vn/product/65589552/28580282114,điện thoại samsung galaxy a26 5g 8gb/128gb,2000,57,samsung_official_store,phone,samsung galaxy a26 5g 8gb 128gb,128gb,samsung galaxy a26 5g 128gb,179,,,0.0,0.0,0.0,,,50.0,0.0,0.0,0.0,0.0,0.0,0.0,0.0,0.0,0.0,0.0,0.0,0.0,0.0,0.0,0.0,0.0,0.0,0.0,0.0,0.0,0.0,0.0,0.0,0.0,0.0,0.0,0.0,0.0,0.0,0.0,0.0,0.0,0.0,0.0,0.0,0.0,0.0,0.0,0.0,0.0,0.0,0.9796477495107633,0.6909036392444722,0.0,0.5,44.95650957888235,Cần cân nhắc,257,2,0.0,0.5,0.0,1.0,0.5,35.0,2
samsung_official_store,65589552,29928135317,"Điện thoại Samsung Galaxy A36 5G (8/128GB), Màn Hình FHD 6.7”, Mặt lưng kính, AI-Create Filter, Chip Snapdragon 6 Gen 3",7690000.0,8290000.0,7,4.884097035040432,0.0,2k+ sold,543 Sold/Month,1064,SAMSUNG,https://shopee.vn/product/65589552/29928135317,"điện thoại samsung galaxy a36 5g 8/128gb , màn hình fhd 6.7 , mặt lưng kính, ai-create filter, chip snapdragon 6 gen 3",2000,543,samsung_official_store,phone,samsung galaxy a36 5g 8 128gb màn hình fhd 6.7 inch mặt lưng kính ai create filter chip snapdragon 6 gen 3,128gb,samsung galaxy a36 5g 128gb,181,567.3,666.0,666.0,0.8073544674415322,0.1524830632790831,0.0401624692793847,0.8518018018018018,92.59009009009009,0.6190476190476191,0.7272727272727273,0.9,0.9285714285714286,0.9320987654320988,0.8888888888888888,0.875,0.8955223880597015,0.8071428571428572,0.5,0.3809523809523809,0.1818181818181818,0.0571428571428571,0.0357142857142857,0.0308641975308641,0.0864197530864197,0.0357142857142857,0.044776119402985,0.1714285714285714,0.5,0.0,0.0909090909090909,0.0428571428571428,0.0357142857142857,0.037037037037037,0.0246913580246913,0.0892857142857142,0.0597014925373134,0.0214285714285714,0.0,21.0,11.0,70.0,56.0,162.0,81.0,56.0,67.0,140.0,2.0,1.0,0.9768194070080863,0.6909036392444722,0.9318702874045462,0.9259009009009008,91.99567262990129,Đáng mua,9,2,1.0,1.0,0.0,1.0,1.0,85.0,1
didongviet.official,23793258,29729872302,"(KOL) Điện thoại Samsung Galaxy A36 5G 8GB | 128GB, 6.7"" - Chip Snapdragon 6 Gen 3 - 5000mAh, BH 2 năm",8975000.0,8990000.0,0,4.936127744510978,0.0,2k+ sold,15 Sold/Month,267,SAMSUNG,https://shopee.vn/product/23793258/29729872302,"kol điện thoại samsung galaxy a36 5g 8gb 128gb, 6.7 - chip snapdragon 6 gen 3 - 5000mah, bh 2 năm",2000,15,didongviet.official,phone,samsung galaxy a36 5g 8gb 128gb 6.7 inch chip snapdragon 6 gen 3 5000mah,128gb,samsung galaxy a36 5g 128gb,181,,,0.0,0.0,0.0,,,50.0,0.0,0.0,0.0,0.0,0.0,0.0,0.0,0.0,0.0,0.0,0.0,0.0,0.0,0.0,0.0,0.0,0.0,0.0,0.0,0.0,0.0,0.0,0.0,0.0,0.0,0.0,0.0,0.0,0.0,0.0,0.0,0.0,0.0,0.0,0.0,0.0,0.0,0.0,0.0,0.0,0.0,0.9872255489021956,0.6909036392444722,0.0,0.5,45.108065566711,Cần cân nhắc,256,2,0.0,0.0,0.4489161212458796,1.0,0.0,21.733741818688195,2
didongviet.official,23793258,52007038782,"[DDV x Hannah] Điện thoại Samsung Galaxy A36 5G 8GB | 128GB, 6.7"" - Chip Snapdragon 6 Gen 3 - 5000mAh, BH 2 năm",8975000.0,8990000.0,0,5.0,0.0,5 sold,2 Sold/Month,3,SAMSUNG,https://shopee.vn/product/23793258/52007038782,"ddv x hannah điện thoại samsung galaxy a36 5g 8gb 128gb, 6.7 - chip snapdragon 6 gen 3 - 5000mah, bh 2 năm",5,2,didongviet.official,phone,samsung galaxy a36 5g 8gb 128gb 6.7 inch chip snapdragon 6 gen 3 5000mah,128gb,samsung galaxy a36 5g 128gb,181,,,0.0,0.0,0.0,,,50.0,0.0,0.0,0.0,0.0,0.0,0.0,0.0,0.0,0.0,0.0,0.0,0.0,0.0,0.0,0.0,0.0,0.0,0.0,0.0,0.0,0.0,0.0,0.0,0.0,0.0,0.0,0.0,0.0,0.0,0.0,0.0,0.0,0.0,0.0,0.0,0.0,0.0,0.0,0.0,0.0,0.0,1.0,0.16285588940717455,0.0,0.5,37.44283834110762,Cần cân nhắc,281,2,0.0,0.0,1.0,0.0,0.0,15.0,3
didongviet.official,23793258,48353005163,"Máy tính bảng Samsung Galaxy Tab A11 Wifi 4GB | 64GB - Màn hình 8,7"" 90Hz, 5100mAh - Hàng Chính Hãng",3480000.0,3850000.0,10,5.0,0.0,62 sold,16 Sold/Month,63,SAMSUNG,https://shopee.vn/product/23793258/48353005163,"máy tính bảng samsung galaxy tab a11 wifi 4gb 64gb - màn hình 8,7 90hz, 5100mah - hàng chính hãng",62,16,didongviet.official,tablet,samsung galaxy tab a11 wifi 4gb 64gb màn hình 8 7 inch 90hz 5100mah,64gb,samsung galaxy tab a11 64gb,192,,,0.0,0.0,0.0,,,50.0,0.0,0.0,0.0,0.0,0.0,0.0,0.0,0.0,0.0,0.0,0.0,0.0,0.0,0.0,0.0,0.0,0.0,0.0,0.0,0.0,0.0,0.0,0.0,0.0,0.0,0.0,0.0,0.0,0.0,0.0,0.0,0.0,0.0,0.0,0.0,0.0,0.0,0.0,0.0,0.0,1.0,1.0,0.37657615454988497,0.0,0.5,65.64864231824828,Đáng cân nhắc,105,2,1.0,0.5,1.0,0.9538030192483813,0.5,79.30704528872572,1
didongviet.official,23793258,44124283523,"(KOL) Máy tính bảng Samsung Galaxy Tab A11 Wifi 4GB | 64GB,Màn hình 8,7"" 90Hz - MediaTek Helio G99 - 5100mAh,BH 12 Tháng",3786875.0,3850000.0,2,5.0,0.0,76 sold,1 Sold/Month,88,SAMSUNG,https://shopee.vn/product/23793258/44124283523,"kol máy tính bảng samsung galaxy tab a11 wifi 4gb 64gb,màn hình 8,7 90hz - mediatek helio g99 - 5100mah,bh 12 tháng",76,1,didongviet.official,tablet,samsung galaxy tab a11 wifi 4gb 64gb màn hình 8 7 inch 90hz mediatek helio g99 5100mah,64gb,samsung galaxy tab a11 64gb,192,,,0.0,0.0,0.0,,,50.0,0.0,0.0,0.0,0.0,0.0,0.0,0.0,0.0,0.0,0.0,0.0,0.0,0.0,0.0,0.0,0.0,0.0,0.0,0.0,0.0,0.0,0.0,0.0,0.0,0.0,0.0,0.0,0.0,0.0,0.0,0.0,0.0,0.0,0.0,0.0,0.0,0.0,0.0,0.0,0.0,0.7077380952380952,1.0,0.3948154356301321,0.0,0.5,58.61568391540436,Trung bình,137,2,0.7077380952380952,0.5,1.0,1.0,0.5,71.23214285714286,2
minhtuanmobile.official,487028617,57559566012,Samsung Galaxy Tab A11 Wifi 4GB/64GB - Hàng Chính Hãng,4530000.0,4530000.0,0,0.0,0.0,,,1,SAMSUNG,https://shopee.vn/product/487028617/57559566012,samsung galaxy tab a11 wifi 4gb/64gb - hàng chính hãng,0,0,minhtuanmobile.official,tablet,samsung galaxy tab a11 wifi 4gb 64gb,64gb,samsung galaxy tab a11 64gb,192,,,0.0,0.0,0.0,,,50.0,0.0,0.0,0.0,0.0,0.0,0.0,0.0,0.0,0.0,0.0,0.0,0.0,0.0,0.0,0.0,0.0,0.0,0.0,0.0,0.0,0.0,0.0,0.0,0.0,0.0,0.0,0.0,0.0,0.0,0.0,0.0,0.0,0.0,0.0,0.0,0.0,0.0,0.0,0.0,0.0,0.0,0.0,0.0,0.0,0.5,15.0,Cần cân nhắc,339,2,0.0,0.5,0.0,0.0,0.5,20.0,3
